epoch,feature,threshold,left_rule,right_rule,left_class,right_class,accuracy,n_rows,val_island0,val_island1,threshold_prev,threshold_diff,abs_threshold_diff,is_event,event_sign
200,err_abs_mean,0.1569372490048408,err_abs_mean <= 0.156937 -> class 0,err_abs_mean >  0.156937 -> class 1,0,1,1.0,2,0.13475403395739,0.1791204654556863,0.4674119353294372,-0.3104746863245964,0.3104746863245964,True,-1
400,err_abs_mean,0.0901277614757418,err_abs_mean <= 0.0901278 -> class 1,err_abs_mean >  0.0901278 -> class 0,1,0,1.0,2,0.1577788473087105,0.0224766793441684,0.1569372490048408,-0.066809487529099,0.066809487529099,True,-1
600,err_abs_mean,0.1045016534626483,err_abs_mean <= 0.104502 -> class 1,err_abs_mean >  0.104502 -> class 0,1,0,1.0,2,0.1089330556148544,0.1000702555346138,0.0901277614757418,0.0143738919869065,0.0143738919869065,True,1
800,err_abs_mean,0.0669326409697532,err_abs_mean <= 0.0669326 -> class 1,err_abs_mean >  0.0669326 -> class 0,1,0,1.0,2,0.0693914357652055,0.0644738448728971,0.1045016534626483,-0.0375690124928951,0.0375690124928951,True,-1
1000,err_abs_mean,0.0554772466421127,err_abs_mean <= 0.0554772 -> class 1,err_abs_mean >  0.0554772 -> class 0,1,0,1.0,2,0.0685442254898396,0.0424102704889853,0.0669326409697532,-0.011455394327640499,0.011455394327640499,True,-1
